<?xml version="1.0" encoding="UTF-8" standalone="yes"?>
<addon
  id="plugin.video.tranhuyhoang.playlist"
  version="[COLOR yellow]FINAL[/COLOR]"
  name="[COLOR yellow] HPO [/COLOR][COLOR lime]Entertainment[/COLOR]"
  provider-name="tranhuyhoang">
  <requires>
    <import addon="xbmc.python" version="2.1.0"/>
    <import addon="script.module.kodiswift" version="0.0.7" />
    <import addon="script.module.kodi4vn" version="0.0.7" />
    <import addon="plugin.video.youtube" version="4.4.1" />
    <import addon="script.module.httplib2" version="0.1" />
    <import addon="service.kodi4vn.iptvproxy" version="0.1" />
    <import addon="service.kodi4vn.maintenance" version="0.1" />
  </requires>
  <extension point="xbmc.python.pluginsource" library="default.py">
        <provides>video</provides>
  </extension>
  <extension point="xbmc.addon.metadata">
    <summary>[COLOR red]CENTER[/COLOR] ENTERTAIMENT</summary>
    <description>Mã nguồn này của Vnopen Playlist,cám ơn tác giả!</description>
    <platform>all</platform>
  </extension>
</addon>