<?xml version="1.0" encoding="UTF-8" standalone="yes"?>
<addon id="plugin.program.HieuHien.vn" name="[COLOR lime][B]KODI HieuHien.vn[/B][/COLOR]" version="1.0.0" provider-name="HieuHien.vn">
  <requires>
    <import addon="xbmc.python" version="2.1.0"/>
  </requires>
  <extension point="xbmc.python.pluginsource" library="default.py">
        <provides>program executable</provides>
  </extension>
  <extension point="xbmc.addon.metadata">
    <summary lang="en">HieuHien.vn</summary>
    <description lang="en">
	Cài đặt nhanh Addon-Skin-Source
	</description>
    <platform>all</platform>
	<news>
v1.2.1
- Sửa lỗi không giải nén được Movies Library
v1.2.0
- Thêm Movies Library lấy nguồn từ Google Drive
- Thêm Menu Restore Data
- Thêm Menu Donate
v1.1.2
- Sửa một vài chức năng
- Thay Addon Gdrive bằng Google Drive: khắc phục được lỗi không xem phim với phụ đề kèm theo
- Tạo thư viện phim từ addon Google Drive với poster, Fanart
- Thêm Farourites vào menu home
- Thêm chức năng dọn rác
- Thêm chức năng set cache cho file Advanced Setting
v1.1.1
Initial Release
    </news>
  </extension>
</addon>
