<?xml version="1.0" encoding="UTF-8" standalone="yes"?>
<addon id="plugin.program.HieuHien.vn" name="[COLOR lime][B]KODI HieuHien.vn[/B][/COLOR]" version="1.1.0" provider-name="HieuHien.vn">
  <requires>
    <import addon="xbmc.python" version="2.1.0"/>
  </requires>
  <extension point="xbmc.python.pluginsource" library="default.py">
        <provides></provides>
  </extension>
  <extension point="xbmc.addon.metadata">
    <summary lang="en">HieuHien.vn</summary>
    <description lang="en">
	Cài đặt nhanh Addon-Skin-Source
	</description>
    <platform>all</platform>
	<news>
v1.1.0
Update Full
    </news>
  </extension>
</addon>
